First Name,Last Name,Current Company,Current Title,Timezone,Candidate Tags,Phone Number,Email Address,Social Media Links,Websites,Address,Education
Brooke,Taylor,Wilson LLC,DevOps Engineer,Europe/Berlin,DevOps,028-963-8692x8429,brooke.taylor@example.com,https://linkedin.com/in/brooketaylor,http://www.white.net/,"06811 Lester Walks, Lake Yvonneton, IA 54029",MSc Computer Science
Lori,Horton,Freeman Inc,Full Stack Developer,US/Mountain,Security,485-780-3628x311,lori.horton@example.com,https://linkedin.com/in/lorihorton,https://bowen-cain.com/,"82762 Moore Shore Apt. 745, Port Tricia, NH 55580",BSc Cybersecurity
John,Howard,Smith and Sons,Full Stack Developer,Europe/London,Infrastructure,001-942-113-2221,john.howard@example.com,https://linkedin.com/in/johnhoward,https://dominguez-bowman.com/,"2487 Sarah Hollow Suite 167, Lake Daltonhaven, VA 63799",BSc Cybersecurity
Kathryn,Sims,Monroe-Brown,Site Reliability Engineer,Europe/London,QA,+1-370-504-2566x80548,kathryn.sims@example.com,https://linkedin.com/in/kathrynsims,https://www.elliott.com/,"908 Robertson Springs Apt. 802, Michaelland, MO 47495",BSc Cybersecurity
Taylor,Holland,Lee Inc,Senior Software Engineer,UTC,Security,001-524-649-2119x230,taylor.holland@example.com,https://linkedin.com/in/taylorholland,https://ellison-salas.info/,"453 John Trace, South Susanside, KS 31921",MSc Software Engineering
Brenda,Alexander,"Hull, Porter and Richardson",Network Engineer,US/Central,Data,(600)862-2508x3354,brenda.alexander@example.com,https://linkedin.com/in/brendaalexander,http://www.mcintosh.com/,"57008 Bryant Meadow, Christopherton, MI 49490",MSc Data Science
Shannon,Harding,"Williams, Rodriguez and Hernandez",Technical Architect,Asia/Kolkata,DevOps,+1-290-637-5835,shannon.harding@example.com,https://linkedin.com/in/shannonharding,http://miranda-silva.com/,"3148 Hernandez Cove Suite 728, Danielletown, AZ 89544",MSc Data Science
Cynthia,Turner,Clayton Ltd,DevOps Engineer,US/Mountain,Security,704-525-6128,cynthia.turner@example.com,https://linkedin.com/in/cynthiaturner,http://www.schultz.biz/,"7554 Melanie Valley Suite 327, East Emily, ND 37779",BSc Computer Science
Johnny,Acosta,Reynolds and Sons,Cloud Engineer,Europe/Berlin,Data,965-546-3907,johnny.acosta@example.com,https://linkedin.com/in/johnnyacosta,https://www.horton.com/,"53059 Catherine Lodge, Bradleyland, NJ 57791",BSc Computer Science
David,Fields,Atkins Ltd,Senior Software Engineer,US/Mountain,IT,1477457941,david.fields@example.com,https://linkedin.com/in/davidfields,http://perry.org/,"Unit 9089 Box 8878, DPO AA 49649",BEng Computer Engineering
Wendy,Terry,"Smith, Collins and Fitzpatrick",Senior Software Engineer,US/Eastern,Infrastructure,495.056.7076,wendy.terry@example.com,https://linkedin.com/in/wendyterry,http://erickson-rivera.info/,"728 Jones Corner, New Julianfort, MS 46860",BSc Computer Science
Kevin,Boyle,Mendoza and Sons,Machine Learning Engineer,US/Mountain,Data,582.694.3238x3516,kevin.boyle@example.com,https://linkedin.com/in/kevinboyle,http://www.howard.com/,"2575 Jermaine Tunnel, Bellchester, TN 32753",MSc Computer Science
Jeremiah,White,Brown-White,Engineering Manager,Europe/Berlin,Platform,001-138-292-1196,jeremiah.white@example.com,https://linkedin.com/in/jeremiahwhite,https://osborne-dean.com/,"299 Lin Fort Suite 077, West Jessestad, TX 28728",BEng Computer Engineering
Christopher,Nguyen,"Paul, Pierce and Hanson",Senior Software Engineer,US/Pacific,QA,167-698-8964x10339,christopher.nguyen@example.com,https://linkedin.com/in/christophernguyen,http://kidd-howard.org/,"6688 Alec Gateway, Vargasview, HI 98108",MSc Software Engineering
Larry,Griffith,Galloway-Rubio,Full Stack Developer,Europe/Berlin,Infrastructure,207.448.6735,larry.griffith@example.com,https://linkedin.com/in/larrygriffith,https://anderson.com/,"368 Johnson Spring Suite 082, West Paul, AR 25332",BSc Information Technology
Nancy,Chavez,Foster Group,IT Support Specialist,Asia/Kolkata,DevOps,139-517-2012,nancy.chavez@example.com,https://linkedin.com/in/nancychavez,http://www.bond-johnson.net/,"029 Heather Expressway Suite 181, Deannahaven, MT 62196",MSc Data Science
Mark,Serrano,Gibson LLC,Site Reliability Engineer,US/Central,Engineering,+1-626-441-9513x80591,mark.serrano@example.com,https://linkedin.com/in/markserrano,http://walsh.com/,"37333 Schmidt Passage, Lake Tammy, NE 81205",BSc Information Technology
Jose,Murphy,"Martin, Vega and Christensen",Cloud Engineer,Asia/Singapore,Cloud,765.742.1139,jose.murphy@example.com,https://linkedin.com/in/josemurphy,http://stewart.org/,"PSC 7667, Box 1276, APO AE 86030",BSc Cybersecurity
Jennifer,Miller,Hughes-Lowery,Systems Administrator,Europe/London,Infrastructure,(297)773-6059,jennifer.miller@example.com,https://linkedin.com/in/jennifermiller,http://www.romero.biz/,"189 Johnson Glen Suite 647, Diazshire, TX 36610",MSc Computer Science
Jeremy,Guerrero,Sanchez-Peterson,Engineering Manager,US/Pacific,Security,(010)617-9578x1303,jeremy.guerrero@example.com,https://linkedin.com/in/jeremyguerrero,http://www.lyons.info/,"78826 Robinson Ramp Suite 724, Stephanieville, ME 54197",MSc Computer Science
Cody,James,"Martin, Smith and Gaines",Site Reliability Engineer,Asia/Singapore,Data,+1-690-249-2218x36583,cody.james@example.com,https://linkedin.com/in/codyjames,http://www.griffith-morris.com/,"1350 Jack Roads Suite 140, Justinton, ME 32279",BSc Computer Science
Lori,Smith,Walker-Reed,Full Stack Developer,Asia/Kolkata,Platform,001-570-466-4029x3514,lori.smith@example.com,https://linkedin.com/in/lorismith,http://www.harrison.net/,"8535 Linda Burg Apt. 657, Johnsonstad, MO 70052",BSc Computer Science
Barbara,Evans,"Wright, Contreras and Mills",Software Engineer,US/Mountain,Data,(215)110-3600x6516,barbara.evans@example.com,https://linkedin.com/in/barbaraevans,https://hampton.org/,"7232 Johnson Wall Apt. 310, West Josephside, IN 99351",MSc Computer Science
John,Williams,Williams Ltd,Senior Software Engineer,Asia/Kolkata,Data,625-197-7880x417,john.williams@example.com,https://linkedin.com/in/johnwilliams,http://www.jackson.com/,"4685 Avila Course, West Brittanyton, MD 04200",BSc Cybersecurity
Joseph,Burnett,Martinez and Sons,Full Stack Developer,Asia/Kolkata,DevOps,001-519-307-8535x085,joseph.burnett@example.com,https://linkedin.com/in/josephburnett,https://www.cox.com/,"5890 Smith Plains Suite 005, Christopherstad, AL 04449",MSc Software Engineering
Xavier,Smith,"Johnson, Spence and Johnson",Machine Learning Engineer,Europe/Berlin,Platform,(557)308-4794,xavier.smith@example.com,https://linkedin.com/in/xaviersmith,https://www.carlson.com/,"75833 Pamela Row, Port Amy, MS 80249",BEng Computer Engineering
Brent,Carr,"Jackson, Stone and Mason",Senior Software Engineer,Asia/Kolkata,Cloud,174.979.4717x88931,brent.carr@example.com,https://linkedin.com/in/brentcarr,http://www.dawson-ruiz.com/,"20397 Aaron Roads, West Carlos, TN 62647",BSc Information Technology
Devin,Hendricks,Young and Sons,Site Reliability Engineer,US/Mountain,IT,001-784-646-9030x01562,devin.hendricks@example.com,https://linkedin.com/in/devinhendricks,http://parker-benton.com/,"91060 Daryl Ferry Apt. 102, North Lauramouth, TN 07405",MSc Data Science
Jessica,Peterson,Sanders-Wolf,Backend Developer,UTC,QA,+1-831-188-4352x492,jessica.peterson@example.com,https://linkedin.com/in/jessicapeterson,http://james-martinez.info/,"62851 Mark Garden, Veronicaton, AZ 02185",BEng Computer Engineering
Melissa,Simon,Rivera Inc,Security Engineer,US/Pacific,DevOps,517-225-0814x5925,melissa.simon@example.com,https://linkedin.com/in/melissasimon,https://www.garrison.com/,"0565 Hudson Forge, South Dannyburgh, DC 95662",BEng Computer Engineering
Rachel,Wilson,"Martinez, Austin and Robinson",Machine Learning Engineer,US/Eastern,Cloud,060-509-9297,rachel.wilson@example.com,https://linkedin.com/in/rachelwilson,http://simpson.com/,"22425 Miller Coves, North Matthewchester, NJ 44790",MSc Data Science
John,Petty,Kelly-Deleon,IT Support Specialist,US/Mountain,Platform,001-323-757-1163x999,john.petty@example.com,https://linkedin.com/in/johnpetty,https://hooper-thornton.biz/,"PSC 9368, Box 4695, APO AP 87749",BSc Computer Science
Christian,Reed,"Ware, Johnson and Nicholson",Frontend Developer,US/Central,Engineering,7021147089,christian.reed@example.com,https://linkedin.com/in/christianreed,http://www.hendrix.net/,"661 James Harbor Suite 180, South Paul, MO 30438",MSc Software Engineering
Blake,Mccoy,Green PLC,Systems Administrator,US/Central,Infrastructure,964-624-8756,blake.mccoy@example.com,https://linkedin.com/in/blakemccoy,https://bryan.com/,"0739 John Mission Suite 985, East Charles, VA 85380",BSc Information Technology
Kimberly,Tran,Lewis-Odom,Senior Software Engineer,US/Central,Cloud,014-279-3108,kimberly.tran@example.com,https://linkedin.com/in/kimberlytran,https://www.brown.com/,"14291 Walton Club, West Frank, WY 24923",BEng Computer Engineering
Ashley,Green,"Dean, Martin and Thompson",DevOps Engineer,US/Pacific,Security,900.797.3880,ashley.green@example.com,https://linkedin.com/in/ashleygreen,https://www.graves-greene.com/,"03449 Alexander Crossing, North Rebekahchester, MI 25315",BSc Cybersecurity
Erin,Brown,"Hunter, Ramos and Barnes",Full Stack Developer,Asia/Singapore,Infrastructure,273-238-4886x15232,erin.brown@example.com,https://linkedin.com/in/erinbrown,https://www.shields.com/,"876 Jennings Ramp, West Scott, DC 60885",BEng Computer Engineering
Michele,Lopez,"Davis, Thompson and Anderson",Technical Architect,Asia/Singapore,Cloud,(682)882-0495x99675,michele.lopez@example.com,https://linkedin.com/in/michelelopez,https://www.taylor-morgan.org/,"488 Carla Locks, Luceroshire, NC 70931",BSc Information Technology
Kevin,Robinson,"Harris, Campbell and Moss",Senior Software Engineer,Asia/Kolkata,Platform,709-712-0327,kevin.robinson@example.com,https://linkedin.com/in/kevinrobinson,https://www.garcia.com/,"58318 Carter Garden Suite 472, South Adrianamouth, NV 76250",MSc Data Science
Joseph,Ramirez,Barrera Ltd,Engineering Manager,US/Central,Data,(018)584-5425x477,joseph.ramirez@example.com,https://linkedin.com/in/josephramirez,http://allen.net/,"72048 Davis Islands, Port Amanda, NJ 73138",BSc Cybersecurity
Lawrence,Lopez,"Andrews, Myers and Figueroa",Software Engineer,Europe/London,Infrastructure,445-143-2488x194,lawrence.lopez@example.com,https://linkedin.com/in/lawrencelopez,https://greer.com/,"51914 Joseph Centers Suite 703, Port Adamville, FL 98570",BSc Computer Science
Kenneth,Patterson,Farmer and Sons,Engineering Manager,UTC,Engineering,(785)638-4395,kenneth.patterson@example.com,https://linkedin.com/in/kennethpatterson,http://sellers-carpenter.com/,"024 Joshua Parks, West Tammytown, CT 58950",BEng Computer Engineering
Heather,Aguilar,"Thomas, Flowers and Williams",Data Engineer,US/Pacific,DevOps,362.998.7801x554,heather.aguilar@example.com,https://linkedin.com/in/heatheraguilar,https://www.martin.biz/,"5472 David Heights, Port Samantha, WY 50652",BSc Cybersecurity
Craig,Simpson,Bradley LLC,Security Engineer,Asia/Singapore,Platform,021.247.2097x652,craig.simpson@example.com,https://linkedin.com/in/craigsimpson,https://green.com/,"579 Todd Circle Suite 614, Briannashire, NE 69189",BSc Information Technology
David,Smith,"Nolan, Rivera and Lamb",Data Engineer,Europe/London,QA,(112)549-7967x2565,david.smith@example.com,https://linkedin.com/in/davidsmith,http://hall.com/,"88193 Alexander Manor, North Kathleen, KY 46320",BSc Cybersecurity
Robin,Hudson,Kirby-Payne,Cloud Engineer,UTC,IT,(631)868-0635,robin.hudson@example.com,https://linkedin.com/in/robinhudson,http://www.leon-crawford.info/,"87823 Finley Ranch Suite 843, South Lauraborough, VT 66756",BSc Computer Science
Jeffrey,Perez,Bell-Harris,Engineering Manager,US/Mountain,Engineering,+1-382-762-4511x26476,jeffrey.perez@example.com,https://linkedin.com/in/jeffreyperez,https://smith.com/,"60090 Lance Parkway Apt. 877, South Christianview, NV 64777",BEng Computer Engineering
Summer,Lee,Dickerson LLC,Engineering Manager,US/Pacific,QA,(034)211-3569x11905,summer.lee@example.com,https://linkedin.com/in/summerlee,https://www.lewis.com/,"870 Phillip Place Apt. 577, West Michaelborough, SC 76401",MSc Computer Science
Michael,Wilson,"Collins, Irwin and Johnson",Backend Developer,US/Pacific,IT,810.183.1124x364,michael.wilson@example.com,https://linkedin.com/in/michaelwilson,https://www.rodriguez.com/,"USCGC Parsons, FPO AA 88802",MSc Software Engineering
Sarah,Beasley,Black-Butler,Systems Administrator,Europe/Berlin,IT,001-685-897-5274x821,sarah.beasley@example.com,https://linkedin.com/in/sarahbeasley,http://www.hayes.com/,"PSC 4849, Box 1757, APO AE 78459",BSc Cybersecurity
Victoria,Johnson,Nelson-Henson,Data Engineer,US/Eastern,Platform,820.836.6438x799,victoria.johnson@example.com,https://linkedin.com/in/victoriajohnson,http://www.martinez.net/,"7343 Case Lake, Williamsmouth, KY 32141",MSc Computer Science
Luis,Walker,Weiss Ltd,Systems Administrator,Europe/Berlin,Security,384-301-4478x4603,luis.walker@example.com,https://linkedin.com/in/luiswalker,https://schmitt.com/,"53749 Luke Rue Suite 534, East Brandon, MT 16117",MSc Computer Science
Charles,Mason,Barnett Inc,Full Stack Developer,US/Eastern,Engineering,0979518914,charles.mason@example.com,https://linkedin.com/in/charlesmason,http://www.fisher.com/,"228 Graham Pike, Briannaville, CO 03819",MSc Data Science
Karen,Soto,Burns Inc,Technical Architect,Europe/Berlin,Platform,+1-094-287-6269x778,karen.soto@example.com,https://linkedin.com/in/karensoto,https://yates-garcia.org/,"375 Berry Meadow Apt. 340, Lake Elizabethhaven, IL 89709",MSc Software Engineering
William,Coleman,Mitchell PLC,Frontend Developer,US/Mountain,Data,(249)351-3161,william.coleman@example.com,https://linkedin.com/in/williamcoleman,http://martinez.com/,"3496 Kiara Manors Apt. 723, Port Ashleyfurt, LA 87915",MSc Computer Science
Juan,Craig,"Watson, Hunt and Smith",Frontend Developer,US/Eastern,Infrastructure,048.812.4859x9321,juan.craig@example.com,https://linkedin.com/in/juancraig,http://www.hubbard.com/,"2354 Kelsey Ridge Apt. 291, Elizabethport, MI 64635",BSc Computer Science
Billy,Campbell,"Morgan, Hodge and Wilson",Site Reliability Engineer,US/Central,Engineering,001-386-378-9608x05797,billy.campbell@example.com,https://linkedin.com/in/billycampbell,http://garcia-peterson.com/,"050 Miller Islands, East Pamela, NE 72694",MSc Computer Science
Christine,Rodriguez,Morris-Price,DevOps Engineer,US/Eastern,Infrastructure,(875)678-4616,christine.rodriguez@example.com,https://linkedin.com/in/christinerodriguez,https://macias.com/,"277 Hart Cliffs, New Brittanyton, MA 63545",BSc Computer Science
Lori,Howard,Roberts-Nunez,Machine Learning Engineer,US/Mountain,Cloud,1630976657,lori.howard@example.com,https://linkedin.com/in/lorihoward,https://www.jones-morton.org/,"9962 Alan Circles, Lake Michealfort, WA 38290",BEng Computer Engineering
Jennifer,Johnson,Bell-Miller,Software Engineer,UTC,DevOps,001-336-397-4121,jennifer.johnson@example.com,https://linkedin.com/in/jenniferjohnson,https://www.duke.com/,"770 Adam Plains Apt. 443, Jeffreybury, PA 42991",MSc Software Engineering
Lauren,Hickman,Smith and Sons,Systems Administrator,US/Mountain,Security,(980)566-9431x906,lauren.hickman@example.com,https://linkedin.com/in/laurenhickman,https://www.taylor.com/,"5239 Phillip Union, Snowport, KS 26361",BEng Computer Engineering
Alexandra,Thomas,Landry-Whitehead,IT Support Specialist,US/Central,DevOps,+1-720-066-0189x974,alexandra.thomas@example.com,https://linkedin.com/in/alexandrathomas,http://taylor-stanley.net/,"2312 Johnson Port, Port Nicolebury, WY 26671",BEng Computer Engineering
Susan,Phillips,Hall Group,Data Scientist,US/Mountain,Infrastructure,109.075.5626x860,susan.phillips@example.com,https://linkedin.com/in/susanphillips,https://cooper.com/,"78292 John Path Suite 412, South Dillon, DE 03260",BSc Cybersecurity
Kristen,Gamble,David Inc,Network Engineer,Europe/London,Data,+1-289-376-9504x282,kristen.gamble@example.com,https://linkedin.com/in/kristengamble,https://www.jacobs-perez.com/,"1383 Wagner Prairie, West Nancy, CT 34352",BSc Information Technology
Jeanette,Ochoa,"Perez, Gibson and Malone",Full Stack Developer,US/Pacific,IT,867-547-8489,jeanette.ochoa@example.com,https://linkedin.com/in/jeanetteochoa,https://www.anderson-merritt.com/,"016 Williams Inlet Suite 718, Lunafort, IA 88920",BSc Information Technology
Michael,Castillo,Newton-Stone,Software Engineer,Asia/Singapore,IT,084.936.9632,michael.castillo@example.com,https://linkedin.com/in/michaelcastillo,https://christian.info/,"534 Nicole Spring Suite 601, Sethmouth, TN 44569",BSc Cybersecurity
Susan,Carrillo,"Foster, Fitzpatrick and Blair",DevOps Engineer,UTC,DevOps,(462)096-4395x3250,susan.carrillo@example.com,https://linkedin.com/in/susancarrillo,http://rosario.info/,"901 Hughes Station, Kevinburgh, MT 75809",MSc Data Science
Jessica,Mitchell,Alexander Inc,Engineering Manager,Europe/London,DevOps,+1-315-864-4229x887,jessica.mitchell@example.com,https://linkedin.com/in/jessicamitchell,http://www.jacobs-shelton.net/,"8506 Pratt Stravenue Apt. 188, Martinstad, CT 94369",BSc Information Technology
Deanna,Reed,"Flores, Conner and Ellis",Cloud Engineer,Asia/Kolkata,Data,915.809.1782,deanna.reed@example.com,https://linkedin.com/in/deannareed,https://www.williams-young.com/,"60820 Theresa Alley Apt. 704, Port Patriciastad, NJ 12548",BSc Information Technology
Angelica,Bryant,Carroll-Leach,Site Reliability Engineer,US/Eastern,Data,+1-143-651-4890x13043,angelica.bryant@example.com,https://linkedin.com/in/angelicabryant,http://www.ball.com/,"009 Christian Drives Apt. 219, Port Ashley, ME 29896",MSc Computer Science
Jesse,Harper,"Aguilar, Allen and Raymond",QA Engineer,Europe/London,DevOps,(811)991-3884,jesse.harper@example.com,https://linkedin.com/in/jesseharper,http://www.brown.biz/,"6964 Ryan Inlet Apt. 594, Port Rebeccamouth, NJ 34705",MSc Computer Science
Paul,Johnson,Morrow PLC,Site Reliability Engineer,US/Central,Security,(217)351-8673,paul.johnson@example.com,https://linkedin.com/in/pauljohnson,https://taylor.com/,"36205 Brown Track, Rhondahaven, AZ 01169",MSc Computer Science
Cassandra,Santos,West-Avery,Engineering Manager,UTC,Data,(838)793-8632x6031,cassandra.santos@example.com,https://linkedin.com/in/cassandrasantos,https://hahn.org/,"4491 Ward Point Apt. 918, Lopezfort, TX 61237",BSc Information Technology
Connie,Cox,Rosales-Miller,Senior Software Engineer,Europe/Berlin,Cloud,001-824-450-3857,connie.cox@example.com,https://linkedin.com/in/conniecox,http://griffin.org/,"2167 Parker Pines, East Keithville, WA 46509",MSc Software Engineering
Chris,Potter,"Mcguire, Ferguson and King",Frontend Developer,US/Mountain,Infrastructure,+1-339-644-8517,chris.potter@example.com,https://linkedin.com/in/chrispotter,https://www.dodson.info/,"427 Smith Orchard Apt. 281, South Mario, ID 21625",MSc Software Engineering
Matthew,Fitzpatrick,Allen and Sons,Machine Learning Engineer,Europe/Berlin,Infrastructure,(189)153-6481x6620,matthew.fitzpatrick@example.com,https://linkedin.com/in/matthewfitzpatrick,http://cooper-perez.com/,"094 Valenzuela Branch, Lisaburgh, NH 69688",BSc Computer Science
Melvin,Olson,Brown-Rogers,Security Engineer,Asia/Singapore,Platform,(623)454-4093,melvin.olson@example.com,https://linkedin.com/in/melvinolson,http://www.fox.biz/,"4774 Tyler Forest Apt. 268, Lindsayton, NC 45818",BEng Computer Engineering
Christopher,Maldonado,Walker-Johnson,Frontend Developer,Europe/Berlin,QA,8388723644,christopher.maldonado@example.com,https://linkedin.com/in/christophermaldonado,https://hernandez-nunez.net/,"7874 Hogan Village, Port Lisa, VA 22471",MSc Software Engineering
Paula,Miller,"Lee, Webster and Vance",IT Support Specialist,US/Central,IT,822-004-9587x143,paula.miller@example.com,https://linkedin.com/in/paulamiller,http://www.curry.org/,"994 Harris Rapid, Gibbston, OK 46942",MSc Software Engineering
Austin,Woods,Oneill LLC,Frontend Developer,US/Pacific,Engineering,2844636620,austin.woods@example.com,https://linkedin.com/in/austinwoods,http://www.fowler.com/,"6399 Hughes Summit, Port Jacqueline, MA 11372",MSc Software Engineering
Melanie,Robinson,Scott-Villa,Software Engineer,Asia/Kolkata,Data,001-838-347-5235,melanie.robinson@example.com,https://linkedin.com/in/melanierobinson,http://www.brooks.info/,"167 David Circles Apt. 325, Smithhaven, NM 40756",MSc Computer Science
Mary,Rowland,Mcneil Inc,Software Engineer,US/Pacific,Platform,514.817.1886,mary.rowland@example.com,https://linkedin.com/in/maryrowland,https://www.davis.com/,"USCGC Higgins, FPO AA 71038",BSc Computer Science
Peggy,Wolf,Stevenson LLC,QA Engineer,Asia/Kolkata,Data,574.274.6471x8509,peggy.wolf@example.com,https://linkedin.com/in/peggywolf,https://bennett-marquez.com/,"64613 Ferguson Ports Apt. 940, Port Christopher, CO 04998",BEng Computer Engineering
Elizabeth,Delgado,Miranda and Sons,Engineering Manager,Europe/London,Cloud,674.544.9272x62220,elizabeth.delgado@example.com,https://linkedin.com/in/elizabethdelgado,https://holt.com/,"6286 Haney Manors, Smithstad, ND 49871",BEng Computer Engineering
Melissa,Compton,Sanders-Jones,Backend Developer,Asia/Singapore,Infrastructure,342-276-4159x12494,melissa.compton@example.com,https://linkedin.com/in/melissacompton,http://brown.com/,"4840 Martin Land Suite 011, Annaborough, RI 13738",MSc Computer Science
James,Young,Adams-Bartlett,IT Support Specialist,UTC,Infrastructure,915.243.9846x50904,james.young@example.com,https://linkedin.com/in/jamesyoung,https://barrera.net/,"6302 Murphy Estates, New Maryview, WA 93981",BSc Information Technology
Sherry,Howell,Smith and Sons,Frontend Developer,UTC,Platform,930-580-8861,sherry.howell@example.com,https://linkedin.com/in/sherryhowell,http://www.smith.com/,"76048 Nguyen Valleys, Scottville, GA 59815",BSc Computer Science
Shannon,Ramirez,Harris-Hogan,Machine Learning Engineer,Europe/London,Cloud,(995)214-9398,shannon.ramirez@example.com,https://linkedin.com/in/shannonramirez,https://alexander.biz/,"41091 William Way, Mckinneyshire, VT 31782",MSc Computer Science
Samantha,Garcia,Huff and Sons,Security Engineer,Asia/Singapore,Security,612-412-7265,samantha.garcia@example.com,https://linkedin.com/in/samanthagarcia,http://martinez-horn.com/,"292 Brown Track Suite 529, Deanfort, OH 92814",MSc Software Engineering
Lisa,Bauer,Cardenas-Swanson,Systems Administrator,US/Mountain,Engineering,001-462-805-6341x8122,lisa.bauer@example.com,https://linkedin.com/in/lisabauer,https://gonzalez-jones.com/,"Unit 6924 Box 4506, DPO AA 95200",BSc Computer Science
Joe,Young,Alexander Ltd,Frontend Developer,Asia/Singapore,Data,001-357-748-7660,joe.young@example.com,https://linkedin.com/in/joeyoung,https://glover.biz/,"56908 Hall Crescent Apt. 061, New Allison, PA 89393",BSc Information Technology
Deborah,Harper,Owens LLC,Engineering Manager,Europe/London,Security,936-649-5174,deborah.harper@example.com,https://linkedin.com/in/deborahharper,http://johnson.com/,"PSC 1039, Box 4064, APO AA 69450",BSc Computer Science
Melissa,Rodriguez,Gonzales-Young,IT Support Specialist,Asia/Singapore,Security,+1-388-703-5649x19294,melissa.rodriguez@example.com,https://linkedin.com/in/melissarodriguez,http://www.cowan.com/,"298 Wilson Points, North Steven, DE 86763",BEng Computer Engineering
Amanda,Gonzalez,Romero-Vargas,Security Engineer,Europe/London,Engineering,947-640-0869,amanda.gonzalez@example.com,https://linkedin.com/in/amandagonzalez,http://allen.com/,"553 Alexander Ferry, Port Margaret, TN 45498",BSc Information Technology
Brenda,Butler,Hull Inc,Site Reliability Engineer,Europe/London,Engineering,(129)246-0591,brenda.butler@example.com,https://linkedin.com/in/brendabutler,http://www.coleman.com/,"16877 Garcia Estates Apt. 947, Douglasborough, TX 12001",MSc Software Engineering
Austin,Taylor,"Trujillo, Thomas and Vance",Security Engineer,UTC,Security,2354083766,austin.taylor@example.com,https://linkedin.com/in/austintaylor,https://rios-mckinney.biz/,"8309 Nathan Terrace Suite 412, Brewershire, NC 28656",BSc Cybersecurity
Amanda,Vazquez,Todd PLC,IT Support Specialist,US/Pacific,Infrastructure,(614)958-6065x42078,amanda.vazquez@example.com,https://linkedin.com/in/amandavazquez,http://beck-jones.com/,"8369 Patty Motorway, Olsenburgh, AK 39690",MSc Data Science
Melissa,Walters,Williamson Ltd,Site Reliability Engineer,Asia/Kolkata,Engineering,5259821977,melissa.walters@example.com,https://linkedin.com/in/melissawalters,http://cobb.info/,"9842 Williams Ferry Suite 666, South Valerie, KS 38585",BSc Cybersecurity
Christopher,Marsh,Fowler-Gates,Technical Architect,US/Mountain,Data,(586)427-9545x29444,christopher.marsh@example.com,https://linkedin.com/in/christophermarsh,https://www.crawford.net/,"6820 Martin Vista Apt. 241, West Vanessa, WY 30476",BSc Computer Science
Julie,Nunez,Thompson-Johnson,Site Reliability Engineer,Europe/London,QA,4494538374,julie.nunez@example.com,https://linkedin.com/in/julienunez,https://www.burke.biz/,"624 Alicia Shoal Suite 753, Jacksonbury, DC 24924",BSc Computer Science
